table with row headers in column A and column headers in row 4,,,,,
"Table 12.  Missouri Incorporated Place Population Estimates and Population Change, Sorted within County: April 1, 2000 to July 1, 2002",,,,,
(leading dots indicate sub-parts),,,,,
Place,State,"July 1, 2002 Population","April 1, 2000 Population Estimates Base",Numerical Population Change,Percent Population Change
Adair County,Missouri,"24,946","24,977",-31,-0.1
.Brashear city,Missouri,278,280,-2,-0.7
.Gibbs village,Missouri,99,100,-1,-1.0
.Greentop city (pt.),Missouri,90,90,-,-
.Kirksville city,Missouri,"17,282","17,295",-13,-0.1
.Millard village,Missouri,76,75,1,1.3
.Novinger city,Missouri,529,534,-5,-0.9
.Balance of Adair County,Missouri,"6,592","6,603",-11,-0.2
Andrew County,Missouri,"16,751","16,492",259,1.6
.Amazonia village,Missouri,284,277,7,2.5
.Bolckow city,Missouri,236,234,2,0.9
.Cosby village,Missouri,144,143,1,0.7
.Country Club village,Missouri,"1,870","1,846",24,1.3
.Fillmore city,Missouri,213,211,2,0.9
.Rea city,Missouri,56,56,-,-
.Rosendale city,Missouri,182,180,2,1.1
.Savannah city,Missouri,"4,860","4,784",76,1.6
.Balance of Andrew County,Missouri,"8,906","8,761",145,1.7
Atchison County,Missouri,"6,323","6,430",-107,-1.7
.Fairfax city,Missouri,638,645,-7,-1.1
.Rock Port city,Missouri,"1,366","1,395",-29,-2.1
.Tarkio city,Missouri,"1,895","1,935",-40,-2.1
.Watson village,Missouri,119,121,-2,-1.7
.Westboro city,Missouri,161,163,-2,-1.2
.Balance of Atchison County,Missouri,"2,144","2,171",-27,-1.2
Audrain County,Missouri,"25,639","25,853",-214,-0.8
.Benton City village,Missouri,123,122,1,0.8
.Centralia city (pt.),Missouri,-,-,-,(X)
.Farber city,Missouri,401,411,-10,-2.4
.Laddonia city,Missouri,603,620,-17,-2.7
.Martinsburg town,Missouri,323,326,-3,-0.9
.Mexico city,Missouri,"11,011","11,320",-309,-2.7
.Rush Hill village,Missouri,129,130,-1,-0.8
.Vandalia city (pt.),Missouri,"4,013","3,852",161,4.2
.Vandiver village,Missouri,82,83,-1,-1.2
.Balance of Audrain County,Missouri,"8,954","8,989",-35,-0.4
Barry County,Missouri,"34,527","34,010",517,1.5
.Arrow Point village,Missouri,136,133,3,2.3
.Butterfield village,Missouri,404,397,7,1.8
.Cassville city,Missouri,"3,025","2,933",92,3.1
.Chain-O-Lakes village,Missouri,127,127,-,-
.Emerald Beach village,Missouri,262,250,12,4.8
.Exeter city,Missouri,714,707,7,1.0
.Monett city (pt.),Missouri,"5,264","5,169",95,1.8
.Purdy city,Missouri,"1,109","1,103",6,0.5
.Seligman city,Missouri,901,877,24,2.7
.Washburn city,Missouri,454,448,6,1.3
.Wheaton city,Missouri,724,721,3,0.4
.Balance of Barry County,Missouri,"21,407","21,145",262,1.2
Barton County,Missouri,"12,862","12,541",321,2.6
.Burgess town,Missouri,72,70,2,2.9
.Golden City city,Missouri,904,884,20,2.3
.Lamar city,Missouri,"4,513","4,425",88,2.0
.Lamar Heights village,Missouri,225,216,9,4.2
.Liberal city,Missouri,798,779,19,2.4
.Milford village,Missouri,53,52,1,1.9
.Mindenmines city,Missouri,420,409,11,2.7
.Balance of Barton County,Missouri,"5,877","5,706",171,3.0
Bates County,Missouri,"16,976","16,653",323,1.9
.Adrian city,Missouri,"1,815","1,780",35,2.0
.Amoret city,Missouri,216,211,5,2.4
.Amsterdam city,Missouri,287,281,6,2.1
.Butler city,Missouri,"4,253","4,209",44,1.0
.Drexel city (pt.),Missouri,122,119,3,2.5
.Foster village,Missouri,132,130,2,1.5
.Hume town,Missouri,344,337,7,2.1
.Merwin village,Missouri,85,83,2,2.4
.Passaic town,Missouri,41,40,1,2.5
.Rich Hill city,Missouri,"1,495","1,461",34,2.3
.Rockville city,Missouri,165,162,3,1.9
.Balance of Bates County,Missouri,"8,021","7,840",181,2.3
Benton County,Missouri,"17,583","17,180",403,2.3
.Cole Camp city,Missouri,"1,026","1,028",-2,-0.2
.Ionia town (pt.),Missouri,110,108,2,1.9
.Lincoln city,Missouri,"1,037","1,026",11,1.1
.Warsaw city,Missouri,"2,091","2,070",21,1.0
.Balance of Benton County,Missouri,"13,319","12,948",371,2.9
Bollinger County,Missouri,"12,248","12,029",219,1.8
.Glen Allen town,Missouri,147,145,2,1.4
.Marble Hill city,Missouri,"1,505","1,502",3,0.2
.Sedgewickville village,Missouri,196,197,-1,-0.5
.Zalma village,Missouri,95,93,2,2.2
.Balance of Bollinger County,Missouri,"10,305","10,092",213,2.1
Boone County,Missouri,"139,492","135,454","4,038",3.0
.Ashland city,Missouri,"1,887","1,869",18,1.0
.Centralia city (pt.),Missouri,"3,795","3,774",21,0.6
.Columbia city,Missouri,"86,981","84,603","2,378",2.8
.Hallsville city,Missouri,991,978,13,1.3
.Harrisburg town,Missouri,188,184,4,2.2
.Hartsburg town,Missouri,108,108,-,-
.McBaine town,Missouri,18,17,1,5.9
.Rocheport city,Missouri,209,208,1,0.5
.Sturgeon city,Missouri,947,944,3,0.3
.Balance of Boone County,Missouri,"44,368","42,769","1,599",3.7
Buchanan County,Missouri,"85,313","85,998",-685,-0.8
.Agency village,Missouri,594,599,-5,-0.8
.Dearborn city (pt.),Missouri,1,-,1,(X)
.De Kalb town,Missouri,257,257,-,-
.Easton city,Missouri,260,258,2,0.8
.Gower city (pt.),Missouri,24,23,1,4.3
.Lewis and Clark Village town,Missouri,152,155,-3,-1.9
.Rushville town,Missouri,276,280,-4,-1.4
.St. Joseph city,Missouri,"73,148","73,990",-842,-1.1
.Balance of Buchanan County,Missouri,"10,601","10,436",165,1.6
Butler County,Missouri,"40,764","40,867",-103,-0.3
.Fisk city,Missouri,363,363,-,-
.Neelyville city,Missouri,492,487,5,1.0
.Poplar Bluff city,Missouri,"16,595","16,812",-217,-1.3
.Qulin city,Missouri,472,467,5,1.1
.Balance of Butler County,Missouri,"22,842","22,738",104,0.5
Caldwell County,Missouri,"9,096","8,969",127,1.4
.Braymer city,Missouri,923,910,13,1.4
.Breckenridge city,Missouri,462,454,8,1.8
.Cowgill city,Missouri,250,247,3,1.2
.Hamilton city,Missouri,"1,813","1,813",-,-
.Kidder city,Missouri,276,271,5,1.8
.Kingston city,Missouri,293,287,6,2.1
.Polo city,Missouri,591,582,9,1.5
.Balance of Caldwell County,Missouri,"4,488","4,405",83,1.9
Callaway County,Missouri,"42,210","40,766","1,444",3.5
.Auxvasse city,Missouri,913,901,12,1.3
.Fulton city,Missouri,"12,767","12,128",639,5.3
.Holts Summit city,Missouri,"3,097","2,935",162,5.5
.Jefferson City city (pt.),Missouri,25,25,-,-
.Kingdom City village,Missouri,124,121,3,2.5
.Lake Mykee Town village,Missouri,330,326,4,1.2
.Mokane city,Missouri,190,188,2,1.1
.New Bloomfield city,Missouri,630,599,31,5.2
.Balance of Callaway County,Missouri,"24,134","23,543",591,2.5
Camden County,Missouri,"37,857","37,051",806,2.2
.Camdenton city,Missouri,"2,895","2,789",106,3.8
.Climax Springs village,Missouri,82,80,2,2.5
.Lake Ozark city (pt.),Missouri,121,122,-1,-0.8
.Linn Creek city,Missouri,285,280,5,1.8
.Macks Creek city,Missouri,275,267,8,3.0
.Osage Beach city (pt.),Missouri,"3,582","3,426",156,4.6
.Richland city (pt.),Missouri,103,102,1,1.0
.Stoutland city (pt.),Missouri,149,146,3,2.1
.Sunrise Beach village (pt.),Missouri,280,272,8,2.9
.Village of Four Seasons village,Missouri,"1,505","1,493",12,0.8
.Balance of Camden County,Missouri,"28,580","28,074",506,1.8
Cape Girardeau County,Missouri,"69,511","68,693",818,1.2
.Allenville village,Missouri,105,104,1,1.0
.Cape Girardeau city (pt.),Missouri,"35,647","35,361",286,0.8
.Delta city,Missouri,524,517,7,1.4
.Dutchtown village,Missouri,100,99,1,1.0
.Gordonville village,Missouri,425,425,-,-
.Jackson city,Missouri,"12,304","11,947",357,3.0
.Oak Ridge town,Missouri,201,202,-1,-0.5
.Old Appleton town,Missouri,82,82,-,-
.Pocahontas town,Missouri,128,127,1,0.8
.Scott City city (pt.),Missouri,2,-,2,(X)
.Whitewater town,Missouri,114,113,1,0.9
.Balance of Cape Girardeau County,Missouri,"19,879","19,716",163,0.8
Carroll County,Missouri,"10,263","10,285",-22,-0.2
.Bogard city,Missouri,233,234,-1,-0.4
.Bosworth city,Missouri,384,382,2,0.5
.Carrollton city,Missouri,"4,074","4,122",-48,-1.2
.De Witt city,Missouri,120,120,-,-
.Hale city,Missouri,475,473,2,0.4
.Norborne city,Missouri,807,805,2,0.2
.Tina village,Missouri,194,193,1,0.5
.Balance of Carroll County,Missouri,"3,976","3,956",20,0.5
Carter County,Missouri,"5,860","5,941",-81,-1.4
.Ellsinore city,Missouri,357,363,-6,-1.7
.Grandin city,Missouri,232,236,-4,-1.7
.Van Buren town,Missouri,824,845,-21,-2.5
.Balance of Carter County,Missouri,"4,447","4,497",-50,-1.1
Cass County,Missouri,"87,310","82,092","5,218",6.4
.Archie city,Missouri,910,890,20,2.2
.Baldwin Park village,Missouri,117,115,2,1.7
.Belton city,Missouri,"23,214","21,730","1,484",6.8
.Cleveland city,Missouri,627,592,35,5.9
.Creighton city,Missouri,340,322,18,5.6
.Drexel city (pt.),Missouri,987,971,16,1.6
.East Lynne city,Missouri,306,300,6,2.0
.Freeman city,Missouri,550,526,24,4.6
.Garden City city,Missouri,"1,595","1,505",90,6.0
.Gunn City village,Missouri,86,85,1,1.2
.Harrisonville city,Missouri,"9,264","8,960",304,3.4
.Kansas City city (pt.),Missouri,114,104,10,9.6
.Lake Annette city,Missouri,165,163,2,1.2
.Lake Winnebago city,Missouri,984,902,82,9.1
.Lee's Summit city (pt.),Missouri,"1,267","1,180",87,7.4
.Peculiar city,Missouri,"2,996","2,604",392,15.1
.Pleasant Hill city,Missouri,"6,019","5,585",434,7.8
.Raymore city,Missouri,"12,612","11,142","1,470",13.2
.Strasburg city,Missouri,138,136,2,1.5
.West Line village,Missouri,127,126,1,0.8
.Balance of Cass County,Missouri,"24,892","24,154",738,3.1
Cedar County,Missouri,"13,825","13,733",92,0.7
.El Dorado Springs city,Missouri,"3,769","3,775",-6,-0.2
.Jerico Springs village,Missouri,262,259,3,1.2
.Stockton city,Missouri,"1,965","1,960",5,0.3
.Umber View Heights village,Missouri,55,52,3,5.8
.Balance of Cedar County,Missouri,"7,774","7,687",87,1.1
Chariton County,Missouri,"8,197","8,438",-241,-2.9
.Brunswick city,Missouri,900,925,-25,-2.7
.Dalton town,Missouri,26,27,-1,-3.7
.Glasgow city (pt.),Missouri,28,29,-1,-3.4
.Keytesville city,Missouri,519,533,-14,-2.6
.Marceline city (pt.),Missouri,1,-,1,(X)
.Mendon city,Missouri,202,208,-6,-2.9
.Rothville village,Missouri,89,93,-4,-4.3
.Salisbury city,Missouri,"1,660","1,726",-66,-3.8
.Sumner town,Missouri,139,142,-3,-2.1
.Triplett city,Missouri,62,64,-2,-3.1
.Balance of Chariton County,Missouri,"4,571","4,691",-120,-2.6
Christian County,Missouri,"59,117","54,285","4,832",8.9
.Billings city,Missouri,"1,131","1,091",40,3.7
.Clever city,Missouri,"1,148","1,010",138,13.7
.Fremont Hills city,Missouri,618,597,21,3.5
.Highlandville city,Missouri,921,872,49,5.6
.Nixa city,Missouri,"13,671","12,169","1,502",12.3
.Ozark city,Missouri,"11,651","9,793","1,858",19.0
.Sparta city,Missouri,"1,193","1,144",49,4.3
.Springfield city (pt.),Missouri,5,4,1,25.0
.Balance of Christian County,Missouri,"28,779","27,605","1,174",4.3
Clark County,Missouri,"7,432","7,416",16,0.2
.Alexandria city,Missouri,170,166,4,2.4
.Kahoka city,Missouri,"2,233","2,241",-8,-0.4
.Luray village,Missouri,103,102,1,1.0
.Revere town,Missouri,118,121,-3,-2.5
.Wayland city,Missouri,421,425,-4,-0.9
.Wyaconda city,Missouri,310,310,-,-
.Balance of Clark County,Missouri,"4,077","4,051",26,0.6
Clay County,Missouri,"191,381","184,006","7,375",4.0
.Avondale city,Missouri,532,529,3,0.6
.Birmingham village,Missouri,216,214,2,0.9
.Claycomo village,Missouri,"1,276","1,267",9,0.7
.Excelsior Estates village (pt.),Missouri,3,3,-,-
.Excelsior Springs city (pt.),Missouri,"10,949","10,676",273,2.6
.Gladstone city,Missouri,"26,778","26,365",413,1.6
.Glenaire city,Missouri,586,553,33,6.0
.Holt city (pt.),Missouri,363,337,26,7.7
.Independence city (pt.),Missouri,4,-,4,(X)
.Kansas City city (pt.),Missouri,"87,106","84,009","3,097",3.7
.Kearney city,Missouri,"6,313","5,519",794,14.4
.Lawson city (pt.),Missouri,162,142,20,14.1
.Liberty city,Missouri,"27,532","26,232","1,300",5.0
.Missouri City city,Missouri,314,296,18,6.1
.Mosby city,Missouri,245,242,3,1.2
.North Kansas City city,Missouri,"4,743","4,714",29,0.6
.Oaks village,Missouri,137,136,1,0.7
.Oakview village,Missouri,388,386,2,0.5
.Oakwood village,Missouri,198,197,1,0.5
.Oakwood Park village,Missouri,184,183,1,0.5
.Pleasant Valley city,Missouri,"3,383","3,321",62,1.9
.Prathersville village,Missouri,114,111,3,2.7
.Randolph village,Missouri,48,47,1,2.1
.Smithville city (pt.),Missouri,"5,989","5,543",446,8.0
.Sugar Creek city (pt.),Missouri,1,-,1,(X)
.Balance of Clay County,Missouri,"13,817","12,984",833,6.4
Clinton County,Missouri,"19,632","18,979",653,3.4
.Cameron city (pt.),Missouri,"4,483","4,487",-4,-0.1
.Gower city (pt.),Missouri,"1,388","1,376",12,0.9
.Holt city (pt.),Missouri,73,68,5,7.4
.Lathrop city,Missouri,"2,145","2,092",53,2.5
.Osborn city (pt.),Missouri,65,64,1,1.6
.Plattsburg city,Missouri,"2,407","2,354",53,2.3
.Trimble city,Missouri,466,451,15,3.3
.Turney village,Missouri,157,155,2,1.3
.Balance of Clinton County,Missouri,"8,448","7,932",516,6.5
Cole County,Missouri,"71,894","71,397",497,0.7
.Centertown town,Missouri,251,257,-6,-2.3
.Jefferson City city (pt.),Missouri,"39,054","39,699",-645,-1.6
.Lohman city,Missouri,163,168,-5,-3.0
.Russellville city,Missouri,744,758,-14,-1.8
.St. Martins city,Missouri,"1,073","1,023",50,4.9
.St. Thomas town,Missouri,281,287,-6,-2.1
.Taos city,Missouri,851,870,-19,-2.2
.Wardsville village,Missouri,955,976,-21,-2.2
.Balance of Cole County,Missouri,"28,522","27,359","1,163",4.3
Cooper County,Missouri,"17,007","16,670",337,2.0
.Blackwater city,Missouri,200,199,1,0.5
.Boonville city,Missouri,"8,438","8,206",232,2.8
.Bunceton city,Missouri,353,348,5,1.4
.Otterville city,Missouri,481,476,5,1.1
.Pilot Grove city,Missouri,732,723,9,1.2
.Prairie Home city,Missouri,224,220,4,1.8
.Wooldridge village,Missouri,47,47,-,-
.Balance of Cooper County,Missouri,"6,532","6,451",81,1.3
Crawford County,Missouri,"23,173","22,804",369,1.6
.Bourbon city,Missouri,"1,357","1,348",9,0.7
.Cuba city,Missouri,"3,299","3,242",57,1.8
.Leasburg village,Missouri,330,323,7,2.2
.St. Cloud village,Missouri,58,56,2,3.6
.Steelville city,Missouri,"1,438","1,429",9,0.6
.Sullivan city (pt.),Missouri,"1,349","1,324",25,1.9
.West Sullivan village,Missouri,78,78,-,-
.Balance of Crawford County,Missouri,"15,264","15,004",260,1.7
Dade County,Missouri,"7,877","7,923",-46,-0.6
.Arcola village,Missouri,45,45,-,-
.Dadeville village,Missouri,223,224,-1,-0.4
.Everton city,Missouri,321,322,-1,-0.3
.Greenfield city,Missouri,"1,333","1,358",-25,-1.8
.Lockwood city,Missouri,981,989,-8,-0.8
.South Greenfield village,Missouri,135,136,-1,-0.7
.Balance of Dade County,Missouri,"4,839","4,849",-10,-0.2
Dallas County,Missouri,"15,874","15,661",213,1.4
.Buffalo city,Missouri,"2,807","2,797",10,0.4
.Louisburg village,Missouri,147,147,-,-
.Urbana city,Missouri,411,407,4,1.0
.Balance of Dallas County,Missouri,"12,509","12,310",199,1.6
Daviess County,Missouri,"8,030","8,016",14,0.2
.Altamont village,Missouri,220,218,2,0.9
.Coffey city,Missouri,142,140,2,1.4
.Gallatin city,Missouri,"1,773","1,789",-16,-0.9
.Gilman City city (pt.),Missouri,-,-,-,(X)
.Jameson town,Missouri,121,120,1,0.8
.Jamesport city,Missouri,507,505,2,0.4
.Lock Springs village,Missouri,69,69,-,-
.Pattonsburg city,Missouri,263,261,2,0.8
.Winston village,Missouri,247,247,-,-
.Balance of Daviess County,Missouri,"4,688","4,667",21,0.4
DeKalb County,Missouri,"11,553","11,597",-44,-0.4
.Amity town,Missouri,69,70,-1,-1.4
.Cameron city (pt.),Missouri,"3,843","3,825",18,0.5
.Clarksdale city,Missouri,346,351,-5,-1.4
.Maysville city,Missouri,"1,170","1,212",-42,-3.5
.Osborn city (pt.),Missouri,384,391,-7,-1.8
.Stewartsville city,Missouri,749,759,-10,-1.3
.Union Star town,Missouri,423,433,-10,-2.3
.Weatherby town,Missouri,122,123,-1,-0.8
.Balance of DeKalb County,Missouri,"4,447","4,433",14,0.3
Dent County,Missouri,"14,922","14,927",-5,-
.Bunker city (pt.),Missouri,179,179,-,-
.Salem city,Missouri,"4,772","4,854",-82,-1.7
.Balance of Dent County,Missouri,"9,971","9,894",77,0.8
Douglas County,Missouri,"13,330","13,084",246,1.9
.Ava city,Missouri,"3,045","3,021",24,0.8
.Balance of Douglas County,Missouri,"10,285","10,063",222,2.2
Dunklin County,Missouri,"32,805","33,155",-350,-1.1
.Arbyrd city,Missouri,516,528,-12,-2.3
.Campbell city,Missouri,"1,865","1,883",-18,-1.0
.Cardwell city,Missouri,770,789,-19,-2.4
.Clarkton city,Missouri,"1,304","1,330",-26,-2.0
.Holcomb city,Missouri,693,696,-3,-0.4
.Hornersville city,Missouri,677,686,-9,-1.3
.Kennett city,Missouri,"11,156","11,260",-104,-0.9
.Malden city,Missouri,"4,698","4,805",-107,-2.2
.Rives town,Missouri,89,88,1,1.1
.Senath city,Missouri,"1,634","1,650",-16,-1.0
.Balance of Dunklin County,Missouri,"9,403","9,440",-37,-0.4
Franklin County,Missouri,"95,890","93,807","2,083",2.2
.Berger city,Missouri,206,206,-,-
.Gerald city,Missouri,"1,205","1,171",34,2.9
.Leslie village,Missouri,88,87,1,1.1
.Miramiguoa Park village,Missouri,127,127,-,-
.New Haven city,Missouri,"1,889","1,867",22,1.2
.Oak Grove village,Missouri,392,382,10,2.6
.Pacific city (pt.),Missouri,"5,638","5,485",153,2.8
.Parkway village,Missouri,281,280,1,0.4
.St. Clair city,Missouri,"4,430","4,390",40,0.9
.Sullivan city (pt.),Missouri,"5,065","5,032",33,0.7
.Union city,Missouri,"8,193","7,790",403,5.2
.Washington city,Missouri,"13,461","13,243",218,1.6
.Balance of Franklin County,Missouri,"54,915","53,747","1,168",2.2
Gasconade County,Missouri,"15,461","15,342",119,0.8
.Bland city (pt.),Missouri,567,565,2,0.4
.Gasconade city,Missouri,267,267,-,-
.Hermann city,Missouri,"2,684","2,674",10,0.4
.Morrison city,Missouri,123,123,-,-
.Owensville city,Missouri,"2,512","2,500",12,0.5
.Rosebud city,Missouri,368,364,4,1.1
.Balance of Gasconade County,Missouri,"8,940","8,849",91,1.0
Gentry County,Missouri,"6,607","6,861",-254,-3.7
.Albany city,Missouri,"1,865","1,937",-72,-3.7
.Darlington village,Missouri,110,113,-3,-2.7
.Gentry village,Missouri,97,101,-4,-4.0
.King City city,Missouri,960,"1,012",-52,-5.1
.McFall city,Missouri,130,135,-5,-3.7
.Stanberry city,Missouri,"1,204","1,243",-39,-3.1
.Balance of Gentry County,Missouri,"2,241","2,320",-79,-3.4
Greene County,Missouri,"243,355","240,391","2,964",1.2
.Ash Grove city,Missouri,"1,437","1,430",7,0.5
.Battlefield city,Missouri,"2,364","2,385",-21,-0.9
.Brookline village,Missouri,341,326,15,4.6
.Fair Grove city,Missouri,"1,199","1,107",92,8.3
.Republic city,Missouri,"9,378","8,438",940,11.1
.Rogersville city (pt.),Missouri,33,29,4,13.8
.Springfield city (pt.),Missouri,"151,005","151,716",-711,-0.5
.Strafford city,Missouri,"1,867","1,845",22,1.2
.Walnut Grove city,Missouri,624,630,-6,-1.0
.Willard city,Missouri,"3,223","3,193",30,0.9
.Balance of Greene County,Missouri,"71,884","69,292","2,592",3.7
Grundy County,Missouri,"10,213","10,432",-219,-2.1
.Brimson village,Missouri,61,63,-2,-3.2
.Galt city,Missouri,271,275,-4,-1.5
.Laredo city,Missouri,244,250,-6,-2.4
.Spickard city,Missouri,308,315,-7,-2.2
.Tindall town,Missouri,65,65,-,-
.Trenton city,Missouri,"6,076","6,216",-140,-2.3
.Balance of Grundy County,Missouri,"3,188","3,248",-60,-1.8
Harrison County,Missouri,"8,785","8,850",-65,-0.7
.Bethany city,Missouri,"3,062","3,087",-25,-0.8
.Blythedale village,Missouri,233,233,-,-
.Cainsville city,Missouri,366,370,-4,-1.1
.Eagleville town,Missouri,321,321,-,-
.Gilman City city (pt.),Missouri,377,380,-3,-0.8
.Mount Moriah town,Missouri,143,143,-,-
.New Hampton city,Missouri,345,349,-4,-1.1
.Ridgeway city,Missouri,526,530,-4,-0.8
.Balance of Harrison County,Missouri,"3,412","3,437",-25,-0.7
Henry County,Missouri,"22,250","21,997",253,1.2
.Blairstown city,Missouri,142,141,1,0.7
.Brownington town,Missouri,121,119,2,1.7
.Calhoun city,Missouri,495,491,4,0.8
.Clinton city,Missouri,"9,287","9,311",-24,-0.3
.Deepwater city,Missouri,503,507,-4,-0.8
.Montrose city,Missouri,422,417,5,1.2
.Tightwad village,Missouri,64,63,1,1.6
.Urich city,Missouri,504,499,5,1.0
.Windsor city (pt.),Missouri,"3,139","2,990",149,5.0
.Balance of Henry County,Missouri,"7,573","7,459",114,1.5
Hickory County,Missouri,"8,909","8,940",-31,-0.3
.Cross Timbers city,Missouri,182,185,-3,-1.6
.Hermitage city,Missouri,490,496,-6,-1.2
.Preston town,Missouri,112,113,-1,-0.9
.Weaubleau city,Missouri,512,518,-6,-1.2
.Wheatland city,Missouri,384,388,-4,-1.0
.Balance of Hickory County,Missouri,"7,229","7,240",-11,-0.2
Holt County,Missouri,"5,136","5,351",-215,-4.0
.Bigelow village,Missouri,36,38,-2,-5.3
.Big Lake village,Missouri,122,127,-5,-3.9
.Corning town,Missouri,20,21,-1,-4.8
.Craig city,Missouri,297,309,-12,-3.9
.Forest City city,Missouri,325,338,-13,-3.8
.Fortescue town,Missouri,48,51,-3,-5.9
.Maitland city,Missouri,324,342,-18,-5.3
.Mound City city,Missouri,"1,136","1,193",-57,-4.8
.Oregon city,Missouri,904,935,-31,-3.3
.Balance of Holt County,Missouri,"1,924","1,997",-73,-3.7
Howard County,Missouri,"10,004","10,212",-208,-2.0
.Armstrong city,Missouri,281,287,-6,-2.1
.Fayette city,Missouri,"2,740","2,793",-53,-1.9
.Franklin city,Missouri,112,112,-,-
.Glasgow city (pt.),Missouri,"1,187","1,234",-47,-3.8
.New Franklin city,Missouri,"1,101","1,145",-44,-3.8
.Balance of Howard County,Missouri,"4,583","4,641",-58,-1.2
Howell County,Missouri,"37,280","37,238",42,0.1
.Brandsville city,Missouri,175,174,1,0.6
.Mountain View city,Missouri,"2,452","2,430",22,0.9
.West Plains city,Missouri,"10,835","10,895",-60,-0.6
.Willow Springs city,Missouri,"2,091","2,147",-56,-2.6
.Balance of Howell County,Missouri,"21,727","21,592",135,0.6
Iron County,Missouri,"10,381","10,697",-316,-3.0
.Annapolis city,Missouri,298,308,-10,-3.2
.Arcadia city,Missouri,538,569,-31,-5.4
.Des Arc village,Missouri,183,187,-4,-2.1
.Ironton city,Missouri,"1,401","1,471",-70,-4.8
.Pilot Knob city,Missouri,678,708,-30,-4.2
.Viburnum city,Missouri,815,833,-18,-2.2
.Balance of Iron County,Missouri,"6,468","6,621",-153,-2.3
Jackson County,Missouri,"660,773","654,880","5,893",0.9
.Blue Springs city,Missouri,"49,451","48,089","1,362",2.8
.Buckner city,Missouri,"2,725","2,725",-,-
.Grain Valley city,Missouri,"6,250","5,183","1,067",20.6
.Grandview city,Missouri,"25,542","24,881",661,2.7
.Greenwood city,Missouri,"4,300","3,952",348,8.8
.Independence city (pt.),Missouri,"113,023","113,288",-265,-0.2
.Kansas City city (pt.),Missouri,"320,340","322,806","-2,466",-0.8
.Lake Lotawana city,Missouri,"1,915","1,872",43,2.3
.Lake Tapawingo city,Missouri,839,843,-4,-0.5
.Lee's Summit city (pt.),Missouri,"73,681","69,520","4,161",6.0
.Levasy city,Missouri,105,108,-3,-2.8
.Lone Jack city,Missouri,549,528,21,4.0
.Oak Grove city (pt.),Missouri,"6,426","5,520",906,16.4
.Raytown city,Missouri,"30,060","30,388",-328,-1.1
.River Bend village,Missouri,10,10,-,-
.Sibley village,Missouri,346,347,-1,-0.3
.Sugar Creek city (pt.),Missouri,"3,763","3,839",-76,-2.0
.Unity Village village,Missouri,138,140,-2,-1.4
.Balance of Jackson County,Missouri,"21,310","20,841",469,2.3
Jasper County,Missouri,"107,073","104,686","2,387",2.3
.Airport Drive village,Missouri,632,622,10,1.6
.Alba city,Missouri,597,588,9,1.5
.Asbury city,Missouri,224,218,6,2.8
.Avilla town,Missouri,140,137,3,2.2
.Brooklyn Heights town,Missouri,129,125,4,3.2
.Carl Junction city,Missouri,"5,673","5,294",379,7.2
.Carterville city,Missouri,"1,885","1,850",35,1.9
.Carthage city,Missouri,"12,810","12,680",130,1.0
.Carytown city,Missouri,220,217,3,1.4
.Duenweg city,Missouri,"1,045","1,034",11,1.1
.Duquesne village,Missouri,"1,694","1,640",54,3.3
.Fidelity town,Missouri,260,252,8,3.2
.Jasper city,Missouri,"1,027","1,011",16,1.6
.Joplin city (pt.),Missouri,"41,035","40,433",602,1.5
.La Russell city,Missouri,142,138,4,2.9
.Neck City city,Missouri,122,119,3,2.5
.Oronogo city,Missouri,"1,006",976,30,3.1
.Purcell city,Missouri,365,357,8,2.2
.Reeds town,Missouri,107,103,4,3.9
.Sarcoxie city,Missouri,"1,354","1,354",-,-
.Waco town,Missouri,88,86,2,2.3
.Webb City city,Missouri,"10,151","9,812",339,3.5
.Balance of Jasper County,Missouri,"26,367","25,640",727,2.8
Jefferson County,Missouri,"203,993","198,099","5,894",3.0
.Arnold city,Missouri,"19,962","19,968",-6,-
.Byrnes Mill city,Missouri,"2,515","2,376",139,5.9
.Cedar Hill Lakes village,Missouri,225,229,-4,-1.7
.Crystal City city,Missouri,"4,414","4,247",167,3.9
.De Soto city,Missouri,"6,522","6,433",89,1.4
.Festus city,Missouri,"9,757","9,703",54,0.6
.Herculaneum city,Missouri,"3,043","2,805",238,8.5
.Hillsboro city,Missouri,"1,679","1,675",4,0.2
.Kimmswick city,Missouri,92,94,-2,-2.1
.Olympian Village city,Missouri,689,669,20,3.0
.Parkdale village,Missouri,202,205,-3,-1.5
.Pevely city,Missouri,"3,970","3,775",195,5.2
.Scotsdale town,Missouri,213,211,2,0.9
.Balance of Jefferson County,Missouri,"150,710","145,709","5,001",3.4
Johnson County,Missouri,"49,779","48,258","1,521",3.2
.Centerview city,Missouri,255,249,6,2.4
.Chilhowee town,Missouri,337,329,8,2.4
.Holden city,Missouri,"2,566","2,510",56,2.2
.Kingsville city,Missouri,262,257,5,1.9
.Knob Noster city,Missouri,"2,533","2,462",71,2.9
.La Tour village,Missouri,66,65,1,1.5
.Leeton city,Missouri,626,619,7,1.1
.Warrensburg city,Missouri,"16,938","16,340",598,3.7
.Balance of Johnson County,Missouri,"26,196","25,427",769,3.0
Knox County,Missouri,"4,285","4,361",-76,-1.7
.Baring city,Missouri,156,159,-3,-1.9
.Edina city,Missouri,"1,205","1,233",-28,-2.3
.Hurdland city,Missouri,236,239,-3,-1.3
.Knox City city,Missouri,220,223,-3,-1.3
.Newark village,Missouri,98,100,-2,-2.0
.Novelty village,Missouri,117,119,-2,-1.7
.Balance of Knox County,Missouri,"2,253","2,288",-35,-1.5
Laclede County,Missouri,"32,757","32,513",244,0.8
.Conway city,Missouri,739,743,-4,-0.5
.Lebanon city,Missouri,"12,386","12,249",137,1.1
.Phillipsburg village,Missouri,201,201,-,-
.Richland city (pt.),Missouri,87,85,2,2.4
.Stoutland city (pt.),Missouri,31,31,-,-
.Twin Bridges village,Missouri,42,42,-,-
.Balance of Laclede County,Missouri,"19,271","19,162",109,0.6
Lafayette County,Missouri,"33,125","32,960",165,0.5
.Alma city,Missouri,394,399,-5,-1.3
.Aullville village,Missouri,86,86,-,-
.Bates City city,Missouri,249,245,4,1.6
.Blackburn city (pt.),Missouri,23,23,-,-
.Concordia city,Missouri,"2,351","2,360",-9,-0.4
.Corder city,Missouri,430,427,3,0.7
.Dover town,Missouri,109,108,1,0.9
.Emma city (pt.),Missouri,100,99,1,1.0
.Higginsville city,Missouri,"4,700","4,685",15,0.3
.Lake Lafayette city,Missouri,360,346,14,4.0
.Lexington city,Missouri,"4,729","4,764",-35,-0.7
.Mayview city,Missouri,298,294,4,1.4
.Napoleon city,Missouri,211,208,3,1.4
.Oak Grove city (pt.),Missouri,60,18,42,233.3
.Odessa city,Missouri,"4,887","4,818",69,1.4
.Waverly city,Missouri,816,806,10,1.2
.Wellington city,Missouri,792,784,8,1.0
.Balance of Lafayette County,Missouri,"12,530","12,490",40,0.3
Lawrence County,Missouri,"36,082","35,204",878,2.5
.Aurora city,Missouri,"7,097","7,025",72,1.0
.Freistatt village,Missouri,188,184,4,2.2
.Halltown village,Missouri,195,189,6,3.2
.Hoberg village,Missouri,61,60,1,1.7
.Marionville city,Missouri,"2,137","2,113",24,1.1
.Miller city,Missouri,771,754,17,2.3
.Monett city (pt.),Missouri,"2,322","2,227",95,4.3
.Mount Vernon city,Missouri,"4,164","4,029",135,3.4
.Pierce City city,Missouri,"1,399","1,385",14,1.0
.Stotts City city,Missouri,257,250,7,2.8
.Verona town,Missouri,722,714,8,1.1
.Balance of Lawrence County,Missouri,"16,769","16,274",495,3.0
Lewis County,Missouri,"10,384","10,494",-110,-1.0
.Canton city,Missouri,"2,535","2,557",-22,-0.9
.Ewing city,Missouri,460,464,-4,-0.9
.La Belle city,Missouri,661,669,-8,-1.2
.La Grange city,Missouri,989,"1,000",-11,-1.1
.Lewistown town,Missouri,589,595,-6,-1.0
.Monticello village,Missouri,124,126,-2,-1.6
.Balance of Lewis County,Missouri,"5,026","5,083",-57,-1.1
Lincoln County,Missouri,"42,280","38,944","3,336",8.6
.Cave town,Missouri,7,7,-,-
.Chain of Rocks village,Missouri,98,91,7,7.7
.Elsberry city,Missouri,"2,191","2,047",144,7.0
.Foley city,Missouri,187,178,9,5.1
.Fountain N' Lakes village,Missouri,145,129,16,12.4
.Hawk Point city,Missouri,491,459,32,7.0
.Moscow Mills city,Missouri,"1,915","1,742",173,9.9
.Old Monroe city,Missouri,263,250,13,5.2
.Silex village,Missouri,213,206,7,3.4
.Troy city,Missouri,"7,668","6,737",931,13.8
.Truxton village,Missouri,102,96,6,6.3
.Whiteside village,Missouri,73,67,6,9.0
.Winfield city,Missouri,774,723,51,7.1
.Balance of Lincoln County,Missouri,"28,153","26,212","1,941",7.4
Linn County,Missouri,"13,515","13,754",-239,-1.7
.Brookfield city,Missouri,"4,666","4,769",-103,-2.2
.Browning city (pt.),Missouri,230,234,-4,-1.7
.Bucklin city,Missouri,510,524,-14,-2.7
.Laclede city,Missouri,415,415,-,-
.Linneus city,Missouri,365,369,-4,-1.1
.Marceline city (pt.),Missouri,"2,487","2,558",-71,-2.8
.Meadville city,Missouri,452,457,-5,-1.1
.Purdin city,Missouri,218,223,-5,-2.2
.Balance of Linn County,Missouri,"4,172","4,205",-33,-0.8
Livingston County,Missouri,"14,283","14,558",-275,-1.9
.Chillicothe city,Missouri,"8,732","8,958",-226,-2.5
.Chula city,Missouri,191,198,-7,-3.5
.Ludlow town,Missouri,198,204,-6,-2.9
.Mooresville village,Missouri,87,89,-2,-2.2
.Utica village,Missouri,270,274,-4,-1.5
.Wheeling city,Missouri,263,268,-5,-1.9
.Balance of Livingston County,Missouri,"4,542","4,567",-25,-0.5
McDonald County,Missouri,"21,687","21,681",6,-
.Anderson city,Missouri,"1,828","1,856",-28,-1.5
.Goodman town,Missouri,"1,184","1,183",1,0.1
.Lanagan town,Missouri,409,411,-2,-0.5
.Noel city,Missouri,"1,446","1,480",-34,-2.3
.Pineville town,Missouri,761,768,-7,-0.9
.South West City town,Missouri,852,855,-3,-0.4
.Balance of McDonald County,Missouri,"15,207","15,128",79,0.5
Macon County,Missouri,"15,497","15,762",-265,-1.7
.Atlanta city,Missouri,444,450,-6,-1.3
.Bevier city,Missouri,717,723,-6,-0.8
.Callao city,Missouri,283,291,-8,-2.7
.Elmer city,Missouri,96,98,-2,-2.0
.Ethel town,Missouri,99,100,-1,-1.0
.La Plata city,Missouri,"1,449","1,486",-37,-2.5
.Macon city,Missouri,"5,427","5,558",-131,-2.4
.New Cambria city,Missouri,219,222,-3,-1.4
.South Gifford village,Missouri,70,72,-2,-2.8
.Balance of Macon County,Missouri,"6,693","6,762",-69,-1.0
Madison County,Missouri,"11,807","11,800",7,0.1
.Cobalt village,Missouri,190,189,1,0.5
.Fredericktown city,Missouri,"3,877","3,928",-51,-1.3
.Junction City village,Missouri,325,319,6,1.9
.Marquand city,Missouri,250,251,-1,-0.4
.Balance of Madison County,Missouri,"7,165","7,113",52,0.7
Maries County,Missouri,"8,700","8,903",-203,-2.3
.Argyle town (pt.),Missouri,8,8,-,-
.Belle city (pt.),Missouri,"1,161","1,195",-34,-2.8
.Vienna city,Missouri,612,628,-16,-2.5
.Balance of Maries County,Missouri,"6,919","7,072",-153,-2.2
Marion County,Missouri,"28,079","28,289",-210,-0.7
.Hannibal city (pt.),Missouri,"17,257","17,503",-246,-1.4
.Monroe City city (pt.),Missouri,508,506,2,0.4
.Palmyra city,Missouri,"3,448","3,467",-19,-0.5
.Balance of Marion County,Missouri,"6,866","6,813",53,0.8
Mercer County,Missouri,"3,669","3,757",-88,-2.3
.Mercer town,Missouri,333,342,-9,-2.6
.Princeton city,Missouri,"1,007","1,047",-40,-3.8
.South Lineville town,Missouri,36,37,-1,-2.7
.Balance of Mercer County,Missouri,"2,293","2,331",-38,-1.6
Miller County,Missouri,"24,176","23,564",612,2.6
.Bagnell town,Missouri,91,86,5,5.8
.Brumley town,Missouri,107,102,5,4.9
.Eldon city,Missouri,"4,926","4,895",31,0.6
.Iberia city,Missouri,614,605,9,1.5
.Lake Ozark city (pt.),Missouri,"1,532","1,367",165,12.1
.Lakeside city,Missouri,37,37,-,-
.Olean town,Missouri,159,157,2,1.3
.Osage Beach city (pt.),Missouri,274,251,23,9.2
.St. Elizabeth village,Missouri,300,297,3,1.0
.Tuscumbia town,Missouri,220,218,2,0.9
.Balance of Miller County,Missouri,"15,916","15,549",367,2.4
Mississippi County,Missouri,"13,966","13,427",539,4.0
.Anniston town,Missouri,281,285,-4,-1.4
.Bertrand city,Missouri,720,740,-20,-2.7
.Charleston city,Missouri,"5,465","4,732",733,15.5
.East Prairie city,Missouri,"3,135","3,227",-92,-2.9
.Miner city (pt.),Missouri,1,-,1,(X)
.Pinhook village,Missouri,48,48,-,-
.Wilson City village,Missouri,163,165,-2,-1.2
.Wyatt city,Missouri,352,364,-12,-3.3
.Balance of Mississippi County,Missouri,"3,801","3,866",-65,-1.7
Moniteau County,Missouri,"15,023","14,827",196,1.3
.California city,Missouri,"4,068","4,005",63,1.6
.Clarksburg city,Missouri,385,375,10,2.7
.Jamestown town,Missouri,392,382,10,2.6
.Lupus town,Missouri,29,29,-,-
.Tipton city,Missouri,"3,224","3,261",-37,-1.1
.Balance of Moniteau County,Missouri,"6,925","6,775",150,2.2
Monroe County,Missouri,"9,262","9,311",-49,-0.5
.Goss town,Missouri,-,-,-,(X)
.Holliday village,Missouri,129,129,-,-
.Madison city,Missouri,571,586,-15,-2.6
.Monroe City city (pt.),Missouri,"2,060","2,082",-22,-1.1
.Paris city,Missouri,"1,490","1,529",-39,-2.6
.Stoutsville village,Missouri,44,44,-,-
.Balance of Monroe County,Missouri,"4,968","4,941",27,0.5
Montgomery County,Missouri,"12,063","12,136",-73,-0.6
.Bellflower city,Missouri,427,427,-,-
.High Hill city,Missouri,231,231,-,-
.Jonesburg city,Missouri,687,695,-8,-1.2
.McKittrick town,Missouri,70,72,-2,-2.8
.Middletown town,Missouri,198,199,-1,-0.5
.Montgomery City city,Missouri,"2,435","2,442",-7,-0.3
.New Florence city,Missouri,781,764,17,2.2
.Rhineland town,Missouri,173,176,-3,-1.7
.Wellsville city,Missouri,"1,407","1,423",-16,-1.1
.Balance of Montgomery County,Missouri,"5,654","5,707",-53,-0.9
Morgan County,Missouri,"19,593","19,309",284,1.5
.Barnett city,Missouri,210,207,3,1.4
.Gravois Mills town,Missouri,215,208,7,3.4
.Laurie village,Missouri,675,663,12,1.8
.Stover city,Missouri,979,968,11,1.1
.Sunrise Beach village (pt.),Missouri,97,96,1,1.0
.Syracuse city,Missouri,175,172,3,1.7
.Versailles city,Missouri,"2,597","2,565",32,1.2
.Balance of Morgan County,Missouri,"14,645","14,430",215,1.5
New Madrid County,Missouri,"19,138","19,760",-622,-3.1
.Canalou city,Missouri,337,348,-11,-3.2
.Catron town,Missouri,67,68,-1,-1.5
.Gideon city,Missouri,"1,064","1,113",-49,-4.4
.Howardville city,Missouri,328,342,-14,-4.1
.Lilbourn city,Missouri,"1,270","1,303",-33,-2.5
.Marston city,Missouri,595,610,-15,-2.5
.Matthews city,Missouri,576,605,-29,-4.8
.Morehouse city,Missouri,987,"1,015",-28,-2.8
.New Madrid city,Missouri,"3,217","3,334",-117,-3.5
.North Lilbourn village,Missouri,92,95,-3,-3.2
.Parma city,Missouri,826,852,-26,-3.1
.Portageville city (pt.),Missouri,"3,156","3,295",-139,-4.2
.Risco city,Missouri,381,392,-11,-2.8
.Sikeston city (pt.),Missouri,"1,008","1,018",-10,-1.0
.Tallapoosa city,Missouri,201,204,-3,-1.5
.Balance of New Madrid County,Missouri,"5,033","5,166",-133,-2.6
Newton County,Missouri,"53,130","52,636",494,0.9
.Cliff Village village,Missouri,33,33,-,-
.Dennis Acres village,Missouri,69,68,1,1.5
.Diamond town,Missouri,811,807,4,0.5
.Fairview town,Missouri,396,395,1,0.3
.Granby city,Missouri,"2,128","2,121",7,0.3
.Grand Falls Plaza town,Missouri,104,104,-,-
.Joplin city (pt.),Missouri,"5,152","5,071",81,1.6
.Leawood village,Missouri,907,904,3,0.3
.Loma Linda town,Missouri,497,507,-10,-2.0
.Neosho city,Missouri,"10,597","10,532",65,0.6
.Newtonia town,Missouri,232,231,1,0.4
.Redings Mill village,Missouri,158,159,-1,-0.6
.Ritchey town,Missouri,76,76,-,-
.Saginaw village,Missouri,280,276,4,1.4
.Seneca city,Missouri,"2,128","2,135",-7,-0.3
.Shoal Creek Drive village,Missouri,345,346,-1,-0.3
.Shoal Creek Estates town,Missouri,51,51,-,-
.Silver Creek village,Missouri,607,608,-1,-0.2
.Stark City town,Missouri,156,156,-,-
.Stella town,Missouri,178,178,-,-
.Wentworth village,Missouri,141,141,-,-
.Balance of Newton County,Missouri,"28,084","27,737",347,1.3
Nodaway County,Missouri,"21,651","21,912",-261,-1.2
.Arkoe town,Missouri,58,58,-,-
.Barnard city,Missouri,252,257,-5,-1.9
.Burlington Junction city,Missouri,618,632,-14,-2.2
.Clearmont city,Missouri,186,191,-5,-2.6
.Clyde village,Missouri,73,74,-1,-1.4
.Conception Junction town,Missouri,198,202,-4,-2.0
.Elmo city,Missouri,162,166,-4,-2.4
.Graham town,Missouri,188,191,-3,-1.6
.Guilford town,Missouri,85,87,-2,-2.3
.Hopkins city,Missouri,565,579,-14,-2.4
.Maryville city,Missouri,"10,565","10,622",-57,-0.5
.Parnell city,Missouri,192,197,-5,-2.5
.Pickering town,Missouri,149,154,-5,-3.2
.Quitman town,Missouri,46,46,-,-
.Ravenwood town,Missouri,444,448,-4,-0.9
.Skidmore city,Missouri,334,342,-8,-2.3
.Balance of Nodaway County,Missouri,"7,536","7,666",-130,-1.7
Oregon County,Missouri,"10,265","10,344",-79,-0.8
.Alton city,Missouri,650,668,-18,-2.7
.Koshkonong town,Missouri,203,205,-2,-1.0
.Thayer city,Missouri,"2,143","2,201",-58,-2.6
.Balance of Oregon County,Missouri,"7,269","7,270",-1,-
Osage County,Missouri,"13,040","13,062",-22,-0.2
.Argyle town (pt.),Missouri,155,156,-1,-0.6
.Belle city (pt.),Missouri,149,149,-,-
.Bland city (pt.),Missouri,-,-,-,(X)
.Chamois city,Missouri,456,456,-,-
.Freeburg village,Missouri,422,423,-1,-0.2
.Linn city,Missouri,"1,401","1,402",-1,-0.1
.Meta city,Missouri,248,249,-1,-0.4
.Westphalia city,Missouri,318,320,-2,-0.6
.Balance of Osage County,Missouri,"9,891","9,907",-16,-0.2
Ozark County,Missouri,"9,397","9,542",-145,-1.5
.Bakersfield village,Missouri,281,285,-4,-1.4
.Gainesville city,Missouri,610,632,-22,-3.5
.Theodosia village,Missouri,243,240,3,1.3
.Balance of Ozark County,Missouri,"8,263","8,385",-122,-1.5
Pemiscot County,Missouri,"19,849","20,047",-198,-1.0
.Bragg City town,Missouri,191,189,2,1.1
.Caruthersville city,Missouri,"6,636","6,760",-124,-1.8
.Cooter city,Missouri,441,440,1,0.2
.Hayti city,Missouri,"3,158","3,207",-49,-1.5
.Hayti Heights city,Missouri,778,771,7,0.9
.Holland town,Missouri,245,246,-1,-0.4
.Homestown city,Missouri,180,181,-1,-0.6
.North Wardell village,Missouri,170,170,-,-
.Pascola village,Missouri,141,138,3,2.2
.Portageville city (pt.),Missouri,1,-,1,(X)
.Steele city,Missouri,"2,223","2,263",-40,-1.8
.Wardell town,Missouri,271,278,-7,-2.5
.Balance of Pemiscot County,Missouri,"5,414","5,404",10,0.2
Perry County,Missouri,"18,274","18,132",142,0.8
.Altenburg city,Missouri,311,309,2,0.6
.Biehle village,Missouri,11,11,-,-
.Frohna city,Missouri,197,192,5,2.6
.Longtown town,Missouri,76,76,-,-
.Perryville city,Missouri,"7,743","7,716",27,0.3
.Balance of Perry County,Missouri,"9,936","9,828",108,1.1
Pettis County,Missouri,"39,542","39,403",139,0.4
.Green Ridge city,Missouri,442,445,-3,-0.7
.Houstonia city,Missouri,279,275,4,1.5
.Hughesville village,Missouri,176,174,2,1.1
.Ionia town (pt.),Missouri,-,-,-,(X)
.La Monte city,Missouri,"1,054","1,064",-10,-0.9
.Sedalia city,Missouri,"20,225","20,339",-114,-0.6
.Smithton city,Missouri,502,510,-8,-1.6
.Windsor city (pt.),Missouri,116,97,19,19.6
.Balance of Pettis County,Missouri,"16,748","16,499",249,1.5
Phelps County,Missouri,"40,932","39,825","1,107",2.8
.Doolittle city,Missouri,658,644,14,2.2
.Edgar Springs city,Missouri,189,190,-1,-0.5
.Newburg city,Missouri,478,484,-6,-1.2
.Rolla city,Missouri,"16,962","16,367",595,3.6
.St. James city,Missouri,"3,884","3,718",166,4.5
.Balance of Phelps County,Missouri,"18,761","18,422",339,1.8
Pike County,Missouri,"18,389","18,351",38,0.2
.Annada village,Missouri,48,48,-,-
.Bowling Green city,Missouri,"5,203","5,166",37,0.7
.Clarksville city,Missouri,493,490,3,0.6
.Curryville city,Missouri,251,251,-,-
.Eolia village,Missouri,438,435,3,0.7
.Frankford city,Missouri,351,351,-,-
.Louisiana city,Missouri,"3,805","3,863",-58,-1.5
.Paynesville village,Missouri,93,91,2,2.2
.Balance of Pike County,Missouri,"7,707","7,656",51,0.7
Platte County,Missouri,"77,655","73,781","3,874",5.3
.Camden Point city,Missouri,519,484,35,7.2
.Dearborn city (pt.),Missouri,536,529,7,1.3
.Edgerton city,Missouri,543,540,3,0.6
.Farley village,Missouri,229,226,3,1.3
.Ferrelview village,Missouri,605,593,12,2.0
.Houston Lake city,Missouri,283,284,-1,-0.4
.Iatan village,Missouri,68,66,2,3.0
.Kansas City city (pt.),Missouri,"35,911","34,626","1,285",3.7
.Lake Waukomis city,Missouri,919,917,2,0.2
.Northmoor city,Missouri,410,399,11,2.8
.Parkville city,Missouri,"4,644","4,059",585,14.4
.Platte City city,Missouri,"4,598","3,866",732,18.9
.Platte Woods city,Missouri,471,474,-3,-0.6
.Ridgely village,Missouri,70,67,3,4.5
.Riverside city,Missouri,"2,975","2,979",-4,-0.1
.Smithville city (pt.),Missouri,1,-,1,(X)
.Tracy city,Missouri,214,213,1,0.5
.Weatherby Lake city,Missouri,"1,879","1,873",6,0.3
.Weston city,Missouri,"1,642","1,632",10,0.6
.Balance of Platte County,Missouri,"21,138","19,954","1,184",5.9
Polk County,Missouri,"27,710","26,992",718,2.7
.Aldrich village,Missouri,75,75,-,-
.Bolivar city,Missouri,"9,455","9,146",309,3.4
.Fair Play city,Missouri,427,418,9,2.2
.Flemington village,Missouri,126,124,2,1.6
.Halfway village,Missouri,179,176,3,1.7
.Humansville city,Missouri,960,946,14,1.5
.Morrisville town,Missouri,350,344,6,1.7
.Pleasant Hope city,Missouri,552,548,4,0.7
.Balance of Polk County,Missouri,"15,586","15,215",371,2.4
Pulaski County,Missouri,"43,263","41,165","2,098",5.1
.Crocker city,Missouri,"1,034","1,033",1,0.1
.Dixon city,Missouri,"1,601","1,570",31,2.0
.Richland city (pt.),Missouri,"1,628","1,618",10,0.6
.St. Robert city,Missouri,"2,862","2,777",85,3.1
.Waynesville city,Missouri,"3,531","3,507",24,0.7
.Balance of Pulaski County,Missouri,"32,607","30,660","1,947",6.4
Putnam County,Missouri,"5,208","5,223",-15,-0.3
.Livonia village,Missouri,114,114,-,-
.Lucerne village,Missouri,91,92,-1,-1.1
.Powersville village,Missouri,86,86,-,-
.Unionville city,Missouri,"2,016","2,041",-25,-1.2
.Worthington village,Missouri,89,89,-,-
.Balance of Putnam County,Missouri,"2,812","2,801",11,0.4
Ralls County,Missouri,"9,584","9,626",-42,-0.4
.Center city,Missouri,633,644,-11,-1.7
.Hannibal city (pt.),Missouri,260,254,6,2.4
.Monroe City city (pt.),Missouri,2,-,2,(X)
.New London city,Missouri,984,"1,001",-17,-1.7
.Perry city,Missouri,653,666,-13,-2.0
.Rensselaer village,Missouri,146,145,1,0.7
.Vandalia city (pt.),Missouri,1,-,1,(X)
.Balance of Ralls County,Missouri,"6,905","6,916",-11,-0.2
Randolph County,Missouri,"24,699","24,663",36,0.1
.Cairo village,Missouri,294,293,1,0.3
.Clark city,Missouri,279,275,4,1.5
.Clifton Hill city,Missouri,125,124,1,0.8
.Higbee city,Missouri,630,623,7,1.1
.Huntsville city,Missouri,"1,570","1,553",17,1.1
.Jacksonville village,Missouri,165,163,2,1.2
.Moberly city,Missouri,"13,612","13,753",-141,-1.0
.Renick village,Missouri,229,221,8,3.6
.Balance of Randolph County,Missouri,"7,795","7,658",137,1.8
Ray County,Missouri,"23,811","23,354",457,2.0
.Camden city,Missouri,212,209,3,1.4
.Crystal Lakes city,Missouri,405,383,22,5.7
.Elmira village,Missouri,84,82,2,2.4
.Excelsior Estates village (pt.),Missouri,276,260,16,6.2
.Excelsior Springs city (pt.),Missouri,189,177,12,6.8
.Fleming city,Missouri,125,122,3,2.5
.Hardin city,Missouri,609,614,-5,-0.8
.Henrietta city,Missouri,462,457,5,1.1
.Homestead village,Missouri,187,181,6,3.3
.Lawson city (pt.),Missouri,"2,208","2,194",14,0.6
.Orrick city,Missouri,884,889,-5,-0.6
.Rayville village,Missouri,206,204,2,1.0
.Richmond city,Missouri,"6,099","6,116",-17,-0.3
.Woods Heights city,Missouri,767,742,25,3.4
.Balance of Ray County,Missouri,"11,098","10,724",374,3.5
Reynolds County,Missouri,"6,629","6,689",-60,-0.9
.Bunker city (pt.),Missouri,248,248,-,-
.Centerville city,Missouri,168,171,-3,-1.8
.Ellington city,Missouri,"1,030","1,045",-15,-1.4
.Balance of Reynolds County,Missouri,"5,183","5,225",-42,-0.8
Ripley County,Missouri,"13,399","13,509",-110,-0.8
.Doniphan city,Missouri,"1,876","1,932",-56,-2.9
.Naylor city,Missouri,596,610,-14,-2.3
.Balance of Ripley County,Missouri,"10,927","10,967",-40,-0.4
St. Charles County,Missouri,"303,030","283,883","19,147",6.7
.Augusta town,Missouri,219,218,1,0.5
.Cottleville city,Missouri,"2,046","1,928",118,6.1
.Dardenne Prairie town,Missouri,"4,534","4,384",150,3.4
.Flint Hill city,Missouri,383,379,4,1.1
.Foristell city (pt.),Missouri,300,300,-,-
.Josephville village,Missouri,274,270,4,1.5
.Lake St. Louis city,Missouri,"10,982","10,175",807,7.9
.New Melle city,Missouri,252,253,-1,-0.4
.O'Fallon city,Missouri,"59,678","48,740","10,938",22.4
.Portage Des Sioux city,Missouri,351,351,-,-
.St. Charles city,Missouri,"60,755","60,432",323,0.5
.St. Paul city,Missouri,"1,657","1,634",23,1.4
.St. Peters city,Missouri,"53,596","51,443","2,153",4.2
.Weldon Spring city,Missouri,"5,289","5,270",19,0.4
.Weldon Spring Heights town,Missouri,78,79,-1,-1.3
.Wentzville city,Missouri,"9,992","6,912","3,080",44.6
.West Alton city,Missouri,638,573,65,11.3
.Balance of St. Charles County,Missouri,"92,006","90,542","1,464",1.6
St. Clair County,Missouri,"9,663","9,652",11,0.1
.Appleton City city,Missouri,"1,307","1,314",-7,-0.5
.Collins village,Missouri,176,176,-,-
.Gerster town,Missouri,34,35,-1,-2.9
.Lowry City city,Missouri,729,728,1,0.1
.Osceola city,Missouri,829,835,-6,-0.7
.Roscoe village,Missouri,111,112,-1,-0.9
.Vista village,Missouri,55,55,-,-
.Balance of St. Clair County,Missouri,"6,422","6,397",25,0.4
Ste. Genevieve County,Missouri,"18,104","17,842",262,1.5
.Bloomsdale city,Missouri,424,419,5,1.2
.Ste. Genevieve city,Missouri,"4,492","4,476",16,0.4
.St. Mary city,Missouri,377,377,-,-
.Balance of Ste. Genevieve County,Missouri,"12,811","12,570",241,1.9
St. Francois County,Missouri,"56,775","55,641","1,134",2.0
.Bismarck city,Missouri,"1,500","1,470",30,2.0
.Bonne Terre city,Missouri,"4,116","4,039",77,1.9
.Desloge city,Missouri,"4,907","4,861",46,0.9
.Farmington city,Missouri,"14,085","13,924",161,1.2
.Iron Mountain Lake city,Missouri,693,693,-,-
.Leadington city,Missouri,210,206,4,1.9
.Leadwood city,Missouri,"1,147","1,160",-13,-1.1
.Park Hills city,Missouri,"8,252","7,861",391,5.0
.Balance of St. Francois County,Missouri,"21,865","21,427",438,2.0
St. Louis County,Missouri,"1,018,102","1,016,315","1,787",0.2
.Ballwin city,Missouri,"31,265","31,283",-18,-0.1
.Bella Villa city,Missouri,678,687,-9,-1.3
.Bellefontaine Neighbors city,Missouri,"10,987","11,096",-109,-1.0
.Bellerive village,Missouri,257,254,3,1.2
.Bel-Nor village,Missouri,"1,568","1,598",-30,-1.9
.Bel-Ridge village,Missouri,"3,042","3,082",-40,-1.3
.Berkeley city,Missouri,"9,960","10,063",-103,-1.0
.Beverly Hills city,Missouri,594,603,-9,-1.5
.Black Jack city,Missouri,"6,945","6,792",153,2.3
.Breckenridge Hills city,Missouri,"4,756","4,817",-61,-1.3
.Brentwood city,Missouri,"7,594","7,693",-99,-1.3
.Bridgeton city,Missouri,"15,563","15,550",13,0.1
.Calverton Park village,Missouri,"1,323","1,322",1,0.1
.Champ village,Missouri,16,12,4,33.3
.Charlack city,Missouri,"1,409","1,431",-22,-1.5
.Chesterfield city,Missouri,"47,126","46,802",324,0.7
.Clarkson Valley city,Missouri,"2,663","2,675",-12,-0.4
.Clayton city,Missouri,"16,049","15,935",114,0.7
.Cool Valley city,Missouri,"1,066","1,081",-15,-1.4
.Country Club Hills city,Missouri,"1,365","1,381",-16,-1.2
.Country Life Acres village,Missouri,84,81,3,3.7
.Crestwood city,Missouri,"11,874","11,863",11,0.1
.Creve Coeur city,Missouri,"16,763","16,758",5,-
.Crystal Lake Park city,Missouri,456,457,-1,-0.2
.Dellwood city,Missouri,"5,195","5,255",-60,-1.1
.Des Peres city,Missouri,"8,659","8,592",67,0.8
.Edmundson city,Missouri,830,840,-10,-1.2
.Ellisville city,Missouri,"9,203","9,104",99,1.1
.Eureka city,Missouri,"8,378","7,676",702,9.1
.Fenton city,Missouri,"4,371","4,360",11,0.3
.Ferguson city,Missouri,"22,132","22,406",-274,-1.2
.Flordell Hills city,Missouri,918,931,-13,-1.4
.Florissant city,Missouri,"49,976","50,497",-521,-1.0
.Frontenac city,Missouri,"3,505","3,483",22,0.6
.Glendale city,Missouri,"5,708","5,767",-59,-1.0
.Glen Echo Park village,Missouri,165,166,-1,-0.6
.Grantwood Village town,Missouri,892,883,9,1.0
.Greendale city,Missouri,723,722,1,0.1
.Green Park city,Missouri,"2,679","2,666",13,0.5
.Hanley Hills village,Missouri,"2,122","2,124",-2,-0.1
.Hazelwood city,Missouri,"26,042","26,206",-164,-0.6
.Hillsdale village,Missouri,"1,454","1,477",-23,-1.6
.Huntleigh city,Missouri,329,323,6,1.9
.Jennings city,Missouri,"15,318","15,469",-151,-1.0
.Kinloch city,Missouri,443,449,-6,-1.3
.Kirkwood city,Missouri,"27,425","27,324",101,0.4
.Ladue city,Missouri,"8,626","8,645",-19,-0.2
.Lakeshire city,Missouri,"1,360","1,375",-15,-1.1
.Mackenzie village,Missouri,137,137,-,-
.Manchester city,Missouri,"19,186","19,161",25,0.1
.Maplewood city,Missouri,"9,081","9,228",-147,-1.6
.Marlborough village,Missouri,"2,232","2,235",-3,-0.1
.Maryland Heights city,Missouri,"25,782","25,756",26,0.1
.Moline Acres city,Missouri,"2,632","2,662",-30,-1.1
.Normandy city,Missouri,"5,095","5,153",-58,-1.1
.Northwoods city,Missouri,"4,587","4,643",-56,-1.2
.Norwood Court town,Missouri,"1,059","1,061",-2,-0.2
.Oakland city,Missouri,"1,546","1,540",6,0.4
.Olivette city,Missouri,"7,552","7,438",114,1.5
.Overland city,Missouri,"16,606","16,838",-232,-1.4
.Pacific city (pt.),Missouri,5,3,2,66.7
.Pagedale city,Missouri,"3,614","3,616",-2,-0.1
.Pasadena Hills city,Missouri,"1,141","1,147",-6,-0.5
.Pasadena Park village,Missouri,483,489,-6,-1.2
.Pine Lawn city,Missouri,"4,188","4,204",-16,-0.4
.Richmond Heights city,Missouri,"9,500","9,602",-102,-1.1
.Riverview village,Missouri,"3,097","3,138",-41,-1.3
.Rock Hill city,Missouri,"4,788","4,765",23,0.5
.St. Ann city,Missouri,"13,532","13,607",-75,-0.6
.St. George city,Missouri,"1,273","1,288",-15,-1.2
.St. John city,Missouri,"6,778","6,871",-93,-1.4
.Shrewsbury city,Missouri,"6,571","6,644",-73,-1.1
.Sunset Hills city,Missouri,"8,363","8,267",96,1.2
.Sycamore Hills village,Missouri,716,722,-6,-0.8
.Town and Country city,Missouri,"10,951","10,894",57,0.5
.Twin Oaks village,Missouri,358,362,-4,-1.1
.University City city,Missouri,"37,851","37,428",423,1.1
.Uplands Park village,Missouri,458,460,-2,-0.4
.Valley Park city,Missouri,"6,443","6,518",-75,-1.2
.Velda City city,Missouri,"1,593","1,616",-23,-1.4
.Velda Village Hills village,Missouri,"1,085","1,090",-5,-0.5
.Vinita Park city,Missouri,"1,894","1,924",-30,-1.6
.Vinita Terrace village,Missouri,291,292,-1,-0.3
.Warson Woods city,Missouri,"1,961","1,983",-22,-1.1
.Webster Groves city,Missouri,"23,414","23,230",184,0.8
.Wellston city,Missouri,"2,418","2,460",-42,-1.7
.Westwood village,Missouri,290,284,6,2.1
.Wilbur Park village,Missouri,477,475,2,0.4
.Wildwood city,Missouri,"33,870","32,884",986,3.0
.Winchester city,Missouri,"1,634","1,651",-17,-1.0
.Woodson Terrace city,Missouri,"4,194","4,189",5,0.1
.Balance of St. Louis County,Missouri,"329,520","328,304","1,216",0.4
Saline County,Missouri,"23,018","23,756",-738,-3.1
.Arrow Rock town,Missouri,75,79,-4,-5.1
.Blackburn city (pt.),Missouri,252,261,-9,-3.4
.Emma city (pt.),Missouri,138,144,-6,-4.2
.Gilliam town,Missouri,220,229,-9,-3.9
.Grand Pass village,Missouri,51,53,-2,-3.8
.Malta Bend town,Missouri,240,249,-9,-3.6
.Marshall city,Missouri,"12,089","12,433",-344,-2.8
.Miami city,Missouri,155,160,-5,-3.1
.Mount Leonard town,Missouri,122,123,-1,-0.8
.Nelson city,Missouri,206,212,-6,-2.8
.Slater city,Missouri,"1,974","2,083",-109,-5.2
.Sweet Springs city,Missouri,"1,561","1,628",-67,-4.1
.Balance of Saline County,Missouri,"5,935","6,102",-167,-2.7
Schuyler County,Missouri,"4,211","4,170",41,1.0
.Downing city,Missouri,394,396,-2,-0.5
.Glenwood village,Missouri,202,203,-1,-0.5
.Greentop city (pt.),Missouri,339,337,2,0.6
.Lancaster city,Missouri,736,737,-1,-0.1
.Queen City city,Missouri,640,638,2,0.3
.Balance of Schuyler County,Missouri,"1,900","1,859",41,2.2
Scotland County,Missouri,"4,868","4,983",-115,-2.3
.Arbela town,Missouri,39,40,-1,-2.5
.Granger village,Missouri,43,44,-1,-2.3
.Memphis city,Missouri,"2,000","2,061",-61,-3.0
.Rutledge town,Missouri,100,103,-3,-2.9
.South Gorin town,Missouri,139,143,-4,-2.8
.Balance of Scotland County,Missouri,"2,547","2,592",-45,-1.7
Scott County,Missouri,"40,279","40,422",-143,-0.4
.Benton city,Missouri,727,732,-5,-0.7
.Blodgett village,Missouri,265,265,-,-
.Cape Girardeau city (pt.),Missouri,18,-,18,(X)
.Chaffee city,Missouri,"2,992","3,044",-52,-1.7
.Commerce village,Missouri,109,110,-1,-0.9
.Diehlstadt village,Missouri,164,163,1,0.6
.Haywood City village,Missouri,243,239,4,1.7
.Kelso village,Missouri,522,527,-5,-0.9
.Miner city (pt.),Missouri,"1,063","1,056",7,0.7
.Morley city,Missouri,794,792,2,0.3
.Oran city,Missouri,"1,240","1,264",-24,-1.9
.Scott City city (pt.),Missouri,"4,540","4,591",-51,-1.1
.Sikeston city (pt.),Missouri,"15,857","15,974",-117,-0.7
.Vanduser village,Missouri,212,217,-5,-2.3
.Balance of Scott County,Missouri,"11,533","11,448",85,0.7
Shannon County,Missouri,"8,382","8,324",58,0.7
.Birch Tree city,Missouri,628,634,-6,-0.9
.Eminence city,Missouri,549,548,1,0.2
.Summersville city (pt.),Missouri,70,70,-,-
.Winona city,Missouri,"1,301","1,290",11,0.9
.Balance of Shannon County,Missouri,"5,834","5,782",52,0.9
Shelby County,Missouri,"6,681","6,799",-118,-1.7
.Bethel village,Missouri,118,121,-3,-2.5
.Clarence city,Missouri,902,915,-13,-1.4
.Hunnewell city,Missouri,228,227,1,0.4
.Leonard village,Missouri,65,66,-1,-1.5
.Shelbina city,Missouri,"1,895","1,943",-48,-2.5
.Shelbyville city,Missouri,675,682,-7,-1.0
.Balance of Shelby County,Missouri,"2,798","2,845",-47,-1.7
Stoddard County,Missouri,"29,828","29,705",123,0.4
.Advance city,Missouri,"1,228","1,244",-16,-1.3
.Bell City city,Missouri,460,461,-1,-0.2
.Bernie city,Missouri,"1,806","1,777",29,1.6
.Bloomfield city,Missouri,"1,927","1,952",-25,-1.3
.Dexter city,Missouri,"7,429","7,431",-2,-
.Dudley city,Missouri,292,289,3,1.0
.Essex city,Missouri,531,524,7,1.3
.Penermon village,Missouri,76,75,1,1.3
.Puxico city,Missouri,"1,147","1,145",2,0.2
.Balance of Stoddard County,Missouri,"14,932","14,807",125,0.8
Stone County,Missouri,"29,381","28,658",723,2.5
.Blue Eye town,Missouri,134,129,5,3.9
.Branson city (pt.),Missouri,1,-,1,(X)
.Branson West city,Missouri,426,408,18,4.4
.Coney Island village,Missouri,96,94,2,2.1
.Crane city,Missouri,"1,403","1,390",13,0.9
.Galena city,Missouri,460,451,9,2.0
.Hurley city,Missouri,160,157,3,1.9
.Indian Point village,Missouri,597,588,9,1.5
.Kimberling City city,Missouri,"2,323","2,253",70,3.1
.McCord Bend village,Missouri,303,292,11,3.8
.Reeds Spring city,Missouri,475,465,10,2.2
.Balance of Stone County,Missouri,"23,003","22,431",572,2.6
Sullivan County,Missouri,"7,315","7,219",96,1.3
.Browning city (pt.),Missouri,84,83,1,1.2
.Greencastle city,Missouri,315,308,7,2.3
.Green City city,Missouri,697,688,9,1.3
.Harris town,Missouri,106,105,1,1.0
.Humphreys village,Missouri,166,164,2,1.2
.Milan city,Missouri,"1,970","1,958",12,0.6
.Newtown town,Missouri,211,209,2,1.0
.Osgood village,Missouri,52,51,1,2.0
.Pollock village,Missouri,132,131,1,0.8
.Balance of Sullivan County,Missouri,"3,582","3,522",60,1.7
Taney County,Missouri,"40,601","39,703",898,2.3
.Branson city (pt.),Missouri,"5,998","6,050",-52,-0.9
.Bull Creek village,Missouri,231,225,6,2.7
.Forsyth city,Missouri,"1,649","1,686",-37,-2.2
.Hollister city,Missouri,"3,858","3,867",-9,-0.2
.Kirbyville village,Missouri,81,79,2,2.5
.Merriam Woods village,Missouri,"1,147","1,142",5,0.4
.Rockaway Beach city,Missouri,567,577,-10,-1.7
.Table Rock village,Missouri,235,229,6,2.6
.Taneyville village,Missouri,352,359,-7,-1.9
.Balance of Taney County,Missouri,"26,483","25,489",994,3.9
Texas County,Missouri,"24,625","23,003","1,622",7.1
.Cabool city,Missouri,"2,140","2,168",-28,-1.3
.Houston city,Missouri,"1,982","1,992",-10,-0.5
.Licking city,Missouri,"3,022","1,471","1,551",105.4
.Mountain Grove city (pt.),Missouri,128,130,-2,-1.5
.Plato village,Missouri,64,64,-,-
.Raymondville town,Missouri,434,442,-8,-1.8
.Summersville city (pt.),Missouri,473,474,-1,-0.2
.Balance of Texas County,Missouri,"16,382","16,262",120,0.7
Vernon County,Missouri,"20,274","20,454",-180,-0.9
.Bronaugh city,Missouri,242,245,-3,-1.2
.Deerfield village,Missouri,75,75,-,-
.Harwood village,Missouri,89,90,-1,-1.1
.Metz town,Missouri,66,67,-1,-1.5
.Milo village,Missouri,83,84,-1,-1.2
.Moundville town,Missouri,102,103,-1,-1.0
.Nevada city,Missouri,"8,451","8,609",-158,-1.8
.Richards town,Missouri,94,95,-1,-1.1
.Schell City city,Missouri,284,286,-2,-0.7
.Sheldon city,Missouri,525,529,-4,-0.8
.Stotesbury town,Missouri,42,43,-1,-2.3
.Walker city,Missouri,274,275,-1,-0.4
.Balance of Vernon County,Missouri,"9,947","9,953",-6,-0.1
Warren County,Missouri,"26,193","24,525","1,668",6.8
.Foristell city (pt.),Missouri,34,34,-,-
.Innsbrook village,Missouri,486,471,15,3.2
.Marthasville city,Missouri,845,837,8,1.0
.Pendleton village,Missouri,52,52,-,-
.Truesdale city,Missouri,414,397,17,4.3
.Warrenton city,Missouri,"5,792","5,281",511,9.7
.Wright City city,Missouri,"1,773","1,634",139,8.5
.Balance of Warren County,Missouri,"16,797","15,819",978,6.2
Washington County,Missouri,"23,503","23,344",159,0.7
.Caledonia village,Missouri,156,158,-2,-1.3
.Irondale city,Missouri,434,437,-3,-0.7
.Mineral Point town,Missouri,365,363,2,0.6
.Potosi city,Missouri,"2,675","2,747",-72,-2.6
.Balance of Washington County,Missouri,"19,873","19,639",234,1.2
Wayne County,Missouri,"13,122","13,259",-137,-1.0
.Greenville city,Missouri,445,451,-6,-1.3
.Mill Spring village,Missouri,214,219,-5,-2.3
.Piedmont city,Missouri,"1,955","1,992",-37,-1.9
.Williamsville city,Missouri,372,379,-7,-1.8
.Balance of Wayne County,Missouri,"10,136","10,218",-82,-0.8
Webster County,Missouri,"32,671","31,045","1,626",5.2
.Diggins village,Missouri,313,298,15,5.0
.Fordland city,Missouri,713,684,29,4.2
.Marshfield city,Missouri,"6,131","5,720",411,7.2
.Niangua city,Missouri,464,445,19,4.3
.Rogersville city (pt.),Missouri,"1,639","1,479",160,10.8
.Seymour city,Missouri,"1,906","1,834",72,3.9
.Balance of Webster County,Missouri,"21,505","20,585",920,4.5
Worth County,Missouri,"2,298","2,382",-84,-3.5
.Allendale town,Missouri,52,54,-2,-3.7
.Denver village,Missouri,38,40,-2,-5.0
.Grant City town,Missouri,886,926,-40,-4.3
.Irena village,Missouri,32,33,-1,-3.0
.Sheridan town,Missouri,179,185,-6,-3.2
.Worth town,Missouri,91,94,-3,-3.2
.Balance of Worth County,Missouri,"1,020","1,050",-30,-2.9
Wright County,Missouri,"18,035","17,955",80,0.4
.Hartville city,Missouri,600,607,-7,-1.2
.Mansfield city,Missouri,"1,332","1,349",-17,-1.3
.Mountain Grove city (pt.),Missouri,"4,396","4,420",-24,-0.5
.Norwood city,Missouri,562,552,10,1.8
.Balance of Wright County,Missouri,"11,145","11,027",118,1.1
St. Louis city,Missouri,"338,353","348,189","-9,836",-2.8
.St. Louis city,Missouri,"338,353","348,189","-9,836",-2.8
"Note: The April 1, 2000 Population Estimates Base reflects modifications to the Census 2000 population as documented in the Count Question Resolution program, updates from the Boundary and Annexation Survey, and geographic program revisions.  Dash (-) represents zero or rounds to zero.  (X) represents blank values.",,,,,
Suggested Citation:,,,,,
"Table SUB-EST2002-12-29-Missouri Incorporated Place Population Estimates and Population Change, Sorted within County: April 1, 2000 to July 1, 2002",,,,,
"Source: Population Division, U.S. Census Bureau",,,,,
"Release Date:  July 10, 2003",,,,,
